{"schemaVersion":"1.0","appDefinitionTemplate":{"id":"/providers/Microsoft.PowerApps/apps/","type":"Microsoft.PowerApps/apps","tags":{"primaryDeviceWidth":"1366","primaryDeviceHeight":"768","sienaVersion":"20210417T032113Z-3.21042.21.0","deviceCapabilities":"","supportsPortrait":"false","supportsLandscape":"true","primaryFormFactor":"Tablet","publisherVersion":"3.21042.21","minimumRequiredApiVersion":"2.2.0","hasComponent":"false","hasUnlockedComponent":"false","isUnifiedRootApp":"false"},"properties":{"appVersion":"2021-04-17T03:21:13Z","lifeCycleId":"Published","createdByClientVersion":{"major":3,"minor":21042,"build":21,"revision":0,"majorRevision":0,"minorRevision":0},"minClientVersion":{"major":3,"minor":21042,"build":21,"revision":0,"majorRevision":0,"minorRevision":0},"backgroundColor":"rgba(0, 99, 177, 1)","backgroundImageUri":"/7214604003593746543/N20143ded-01cd-47d1-9d0a-07e9f9709b7b-logoSmallFile","displayName":"zj-demo-app","description":"","commitMessage":"","appUris":{"documentUri":{"value":"/7214604003593746543/Nc1a7bbd9-5fd7-4a38-8f96-65dc2e12ee78-document.msapp"},"imageUris":[]},"createdTime":"0001-01-01T00:00:00Z","lastModifiedTime":"0001-01-01T00:00:00Z","sharedGroupsCount":0,"sharedUsersCount":0,"icons":{"smallIconUri":"/7214604003593746543/N51a04dde-a5ae-452b-83fc-bf6d4dd7e867-small.png","mediumIconUri":"/7214604003593746543/N9cc96ff4-00b2-4a06-a9dd-7faa047e98f8-medium.png","largeIconUri":"/7214604003593746543/N3de56c3d-c072-46a0-86f8-8425b2f0e6d6-large.png","wideIconUri":"/7214604003593746543/N0379d302-8f28-4aad-9523-71d74eb81c0a-wide.png"},"connectionReferences":{"fe7fec85-abd9-4fa8-8a73-99f2698a6efd":{"id":"68663f01-f145-4351-82f6-6d4b4972329e","displayName":"SharePoint","iconUri":"https://connectoricons-prod.azureedge.net/releases/v1.0.1458/1.0.1458.2381/sharepointonline/icon.png","dataSources":["Documents"],"dependencies":[],"dependents":[],"parameterHints":{},"isOnPremiseConnection":false,"bypassConsent":false,"dataSets":{"https://microsoftapc.sharepoint.com/teams/ZJDemo":{"dataSources":{"Documents":{"tableName":"bb6b41a3-ac5e-43be-a01c-fe4ef4c5de67"}}}},"apiTier":"Standard","isCustomApiConnection":false},"91ea1779-8425-4705-b30c-b78da8b2e8de":{"id":"44c16b51-4e8e-4ffc-ae1b-7242ebba3607","displayName":"Logic flows","iconUri":"https://connectoricons-prod.azureedge.net/releases/v1.0.1438/1.0.1438.2324/logicflows/icon.png","dataSources":["PowerApp->Getfilecontent,RespondtoaPowerApporflow"],"dependencies":["77cbbbad-ca9f-4d27-8534-a82fc2318fcf"],"dependents":[],"parameterHints":{"workflowName":{"value":"67bc42fa-c578-434f-86a6-9acaecfc8ece"},"workflowEntityId":{},"77cbbbad-ca9f-4d27-8534-a82fc2318fcf":{"value":"shared_sharepointonline"}},"isOnPremiseConnection":false,"bypassConsent":false,"dataSets":{},"apiTier":"Standard","isCustomApiConnection":false,"actions":["Run"]},"77cbbbad-ca9f-4d27-8534-a82fc2318fcf":{"id":"68663f01-f145-4351-82f6-6d4b4972329e","displayName":"SharePoint","iconUri":"https://connectoricons-prod.azureedge.net/releases/v1.0.1458/1.0.1458.2381/sharepointonline/icon.png","dataSources":[],"dependencies":[],"dependents":["91ea1779-8425-4705-b30c-b78da8b2e8de"],"parameterHints":{},"isOnPremiseConnection":false,"bypassConsent":false,"dataSets":{},"apiTier":"Standard","isCustomApiConnection":false}},"databaseReferences":{},"almMode":"Environment","performanceOptimizationEnabled":true,"canConsumeAppPass":true,"executionRestrictions":{"isTeamsOnly":false,"dataLossPreventionEvaluationResult":{"status":"Compliant","lastEvaluationDate":"2021-04-07T01:25:03.6167782Z","violations":[],"violationsByPolicy":[],"violationErrorMessage":"The app uses the following connectors: ."}}},"isAppComponentLibrary":false,"appType":"ClassicCanvasApp","appComponents":[]}}