{"schemaVersion":"1.0","appDefinitionTemplate":{"id":"/providers/Microsoft.PowerApps/apps/","type":"Microsoft.PowerApps/apps","tags":{"primaryDeviceWidth":"1366","primaryDeviceHeight":"768","sienaVersion":"20210411T111204Z-3.21035.34.0","deviceCapabilities":"","supportsPortrait":"false","supportsLandscape":"true","primaryFormFactor":"Tablet","publisherVersion":"3.21035.34","minimumRequiredApiVersion":"2.2.0","hasComponent":"false","hasUnlockedComponent":"false","isUnifiedRootApp":"false"},"properties":{"appVersion":"2021-04-11T11:12:04Z","lifeCycleId":"Published","createdByClientVersion":{"major":3,"minor":21035,"build":34,"revision":0,"majorRevision":0,"minorRevision":0},"minClientVersion":{"major":3,"minor":21035,"build":34,"revision":0,"majorRevision":0,"minorRevision":0},"backgroundColor":"rgba(0, 176, 240, 1)","backgroundImageUri":"/9915725065268281952/N07510647-cf32-4d30-9622-63805bccf911-logoSmallFile","displayName":"DemoApp","description":"","commitMessage":"","appUris":{"documentUri":{"value":"/9915725065268281952/N338258ee-b5a2-4cff-a678-0cd10bc9d694-document.msapp"},"imageUris":[]},"createdTime":"0001-01-01T00:00:00Z","lastModifiedTime":"0001-01-01T00:00:00Z","sharedGroupsCount":0,"sharedUsersCount":0,"icons":{"smallIconUri":"/9915725065268281952/N89a9f755-ea0c-44f8-ad0d-39b3099c39a7-small.png","mediumIconUri":"/9915725065268281952/N14e4db88-f60b-43fe-8fba-1cbbc3b182f7-medium.png","largeIconUri":"/9915725065268281952/N5db0f19c-a652-4bbb-91d1-095c56328ba1-large.png","wideIconUri":"/9915725065268281952/N57e0a78a-c690-4275-9113-cee0f762b698-wide.png"},"connectionReferences":{"ac440b89-8b34-4fd4-b527-51f5f40afdb5":{"id":"b867459f-2f27-47cc-8f14-7ac60efa2935","displayName":"CustomFuncs","iconUri":"https://az787822.vo.msecnd.net/defaulticons/api-dedicated.png","dataSources":["zjCustomFuncNew"],"dependencies":[],"dependents":[],"parameterHints":{},"isOnPremiseConnection":false,"bypassConsent":false,"dataSets":{},"apiTier":"Standard","isCustomApiConnection":true,"actions":["GetSupportedRates","GetSpecExchangeRate"]}},"databaseReferences":{},"almMode":"Environment","performanceOptimizationEnabled":true,"canConsumeAppPass":true,"executionRestrictions":{"isTeamsOnly":false,"dataLossPreventionEvaluationResult":{"status":"Compliant","lastEvaluationDate":"2021-03-31T04:55:05.4457139Z","violationDetails":[]}}},"isAppComponentLibrary":false,"appType":"ClassicCanvasApp","appComponents":[]}}