{"name":"2a601fb7-555c-4480-b3b4-5b00a6ee8853","id":"/providers/Microsoft.Flow/flows/2a601fb7-555c-4480-b3b4-5b00a6ee8853","type":"Microsoft.Flow/flows","properties":{"apiId":"/providers/Microsoft.PowerApps/apis/shared_logicflows","displayName":"PowerApp -> Get file content,Respond to a PowerApp or flow","definition":{"metadata":{"workflowEntityId":null,"flowclientsuspensionreason":"None","flowclientsuspensiontime":null,"creator":{"id":"a25728dc-f12e-4cf2-8ccc-3e579a83bed7","type":"User","tenantId":"72f988bf-86f1-41af-91ab-2d7cd011db47"},"provisioningMethod":"FromDefinition","failureAlertSubscription":true,"clientLastModifiedTime":"2021-04-07T11:30:04.3945884Z","processAdvisorMetadata":null},"$schema":"https://schema.management.azure.com/providers/Microsoft.Logic/schemas/2016-06-01/workflowdefinition.json#","contentVersion":"1.0.0.0","parameters":{"$connections":{"defaultValue":{},"type":"Object"},"$authentication":{"defaultValue":{},"type":"SecureObject"}},"triggers":{"manual":{"type":"Request","kind":"PowerApp","inputs":{"schema":{"type":"object","properties":{},"required":[]}}}},"actions":{"Respond_to_a_PowerApp_or_flow":{"runAfter":{"Get_file_content_using_path":["Succeeded"]},"type":"Response","kind":"PowerApp","inputs":{"statusCode":200,"body":{"pdf":"@{body('Get_file_content_using_path')['$content']}"},"schema":{"type":"object","properties":{"pdf":{"title":"PDF","x-ms-dynamically-added":true,"type":"string","format":"byte"}}}}},"Get_file_content_using_path":{"runAfter":{},"type":"OpenApiConnection","inputs":{"host":{"apiId":"/providers/Microsoft.PowerApps/apis/shared_sharepointonline","connectionName":"shared_sharepointonline","operationId":"GetFileContentByPath"},"parameters":{"dataset":"https://microsoftapc.sharepoint.com/teams/ZJDemo","path":"/Shared Documents/General/applsci-10-00012-v2.pdf","inferContentType":true},"authentication":{"value":"@json(decodeBase64(triggerOutputs().headers['X-MS-APIM-Tokens']))['$ConnectionKey']","type":"Raw"}}}}},"connectionReferences":{"shared_sharepointonline":{"connectionName":"1bd2bd744ccb4cea89fdb44aa94c06ed","source":"Invoker","id":"/providers/Microsoft.PowerApps/apis/shared_sharepointonline","tier":"NotSpecified"}},"flowFailureAlertSubscribed":false}}